Ferro de Passar Roupa a Seco Black&Decker VFA-1110 Preto;129,00;https://www.magazineluiza.com.br/ferro-de-passar-roupa-a-seco-black-decker-vfa-1110-preto/p/021910200/ep/elfs/;1940;90;1;FERRO BLACK DECKER AUTOMAT VFA1110-90-1;22;1010302010;1030201;85164000;7896525011095
Ferro de Passar Elétrico a Seco Preto e Cromado 1000W - Black & Decker;169,90;https://www.magazineluiza.com.br/ferro-de-passar-roupa-a-seco-black-decker-127v-preto-cromado-vfa1110tm2/p/fbkga518a4/ep/ferr/;1940;90;1;FERRO BLACK DECKER AUTOMAT VFA1110-90-1;22;1010302010;1030201;85164000;7896525011095
Ferro de Passar a Seco - VFA1110 Black+Decker;147,95;https://www.magazineluiza.com.br/ferro-a-seco-black-decker-automatico-110v-preto-black-decker/p/ebbj684b29/ep/elfs/;1940;90;1;FERRO BLACK DECKER AUTOMAT VFA1110-90-1;22;1010302010;1030201;85164000;7896525011095
Ferro Black E Decker Vfa-1110 Preto/branco 110v;175,75;https://www.magazineluiza.com.br/ferro-de-passar-a-seco-retro-black-decker-classic-1100w-vfa1110tm2-110v-black-decker/p/ek73ka1hea/ep/ferr/;1940;90;1;FERRO BLACK DECKER AUTOMAT VFA1110-90-1;22;1010302010;1030201;85164000;7896525011095
Ferro de Passar a Seco 1100W 7 Níveis Temperatura Black&Decker VFA1110;183,74;https://www.magazineluiza.com.br/ferro-de-passar-roupa-a-seco-black-decker-vfa-1110-preto/p/kg07ce6g7j/ep/ferr/;1940;90;1;FERRO BLACK DECKER AUTOMAT VFA1110-90-1;22;1010302010;1030201;85164000;7896525011095
Ferro De Passar Roupa A Seco Black Decker Com Base De Alumínio Modelo Vfa1110tm2 110v;149,90;https://www.magazineluiza.com.br/ferro-de-passar-a-seco-black-decker-vfa-metalico/p/kg6kf09bfh/ep/elfs/;1940;90;1;FERRO BLACK DECKER AUTOMAT VFA1110-90-1;22;1010302010;1030201;85164000;7896525011095
Ferro de Passar a Seco Black&Decker VFA Com 7 Níveis de Temperatura e 1100W Preto e Prata;166,50;https://www.magazineluiza.com.br/ferro-de-passar-a-seco-retro-black-decker-classic-1100w-vfa1110-atencao-voltagem-somente-127v-black-decker/p/fj1dhcg6b9/ep/elfs/;1940;90;1;FERRO BLACK DECKER AUTOMAT VFA1110-90-1;22;1010302010;1030201;85164000;7896525011095
Ferro de Passar Roupas Black+Decker VFA1110 110/127V - 1100w;179,90;https://www.magazineluiza.com.br/ferro-de-passar-a-seco-black-decker-automatico-110v/p/kg0c026jgg/ep/elfs/;1940;90;1;FERRO BLACK DECKER AUTOMAT VFA1110-90-1;22;1010302010;1030201;85164000;7896525011095
Ferro Seco Black & Decker VFA-1110 com Base de Alumínio 127V;192,18;https://www.magazineluiza.com.br/ferro-de-passar-eletrico-a-seco-preto-e-cromado-1000w-black-decker/p/jkd6ae4j0b/ep/elfs/;1940;90;1;FERRO BLACK DECKER AUTOMAT VFA1110-90-1;22;1010302010;1030201;85164000;7896525011095
Ferro de Passar Black Decker VFA Tradicional Seco Preto 110V;188,72;https://www.magazineluiza.com.br/ferro-de-passar-roupa-black-decker-a-seco-1000w-110v-antigo-vfa1110tm2-black-deker/p/de1j1c064f/ep/elfs/;1940;90;1;FERRO BLACK DECKER AUTOMAT VFA1110-90-1;22;1010302010;1030201;85164000;7896525011095
Ferro de Passar a Seco Metálico Black Decker 127v;144,52;https://www.magazineluiza.com.br/ferro-de-passar-a-seco-vfa-black-decker-preto/p/6159317/ep/elfs/;1940;90;1;FERRO BLACK DECKER AUTOMAT VFA1110-90-1;22;1010302010;1030201;85164000;7896525011095
Ferro B D Automatico Seco Vfa1110 Preto - Vfa1110tm2;143,72;https://www.magazineluiza.com.br/ferro-de-passar-roupa-a-seco-black-decker-110v-preto-black-decker/p/cae9chbjaj/ep/elfs/;1940;90;1;FERRO BLACK DECKER AUTOMAT VFA1110-90-1;22;1010302010;1030201;85164000;7896525011095
Ferro de Passar a Seco Black e Decker Cromado 127V - VFA1110;159,00;https://www.magazineluiza.com.br/ferro-de-passar-vfa1110-a-seco-com-base-de-aluminio-black-decker/p/dbhedachdj/ep/elfs/;1940;90;1;FERRO BLACK DECKER AUTOMAT VFA1110-90-1;22;1010302010;1030201;85164000;7896525011095
Ferro de Passar Roupa Tradicional BlackDecker;152,98;https://www.magazineluiza.com.br/ferro-de-passar-roupas-seco-black-decker-vfa-127v/p/ag6j80k744/ep/elfs/;1940;90;1;FERRO BLACK DECKER AUTOMAT VFA1110-90-1;22;1010302010;1030201;85164000;7896525011095
Ferro de Passar Roupas A Seco Black&ampDecker VFA 127V;160,55;https://www.magazineluiza.com.br/ferro-de-passar-black-decker-automatico-seco-127v-preto-vfa1110tm2-black-decker/p/dkb30k9g13/ep/elfs/;1940;90;1;FERRO BLACK DECKER AUTOMAT VFA1110-90-1;22;1010302010;1030201;85164000;7896525011095
Ferro de Passar Roupa a Seco Black Decker VFA1110;141,66;https://www.magazineluiza.com.br/ferro-de-passar-a-seco-vfa1110-black-decker/p/ga449kd8ga/ep/ferr/;1940;90;1;FERRO BLACK DECKER AUTOMAT VFA1110-90-1;22;1010302010;1030201;85164000;7896525011095
Ferro De Passar Roupa A Seco Black+Decker 110v Preto;176,70;https://www.magazineluiza.com.br/ferro-a-seco-black-decker-automatico-110v-preto-black-decker/p/eac952ce72/ep/elfs/;1940;90;1;FERRO BLACK DECKER AUTOMAT VFA1110-90-1;22;1010302010;1030201;85164000;7896525011095
Ferro de Passar a Seco 110V Cromado Com Base de Aluminio VFA1110 Black&Decker;175,75;https://www.magazineluiza.com.br/ferro-retro-de-passar-a-seco-preto-127v-black-decker-black-decker/p/kbahbj149b/ep/elfs/;1940;90;1;FERRO BLACK DECKER AUTOMAT VFA1110-90-1;22;1010302010;1030201;85164000;7896525011095
